test_id,node,test_category,test_description,test,result,failure_reason
1,campus-leaf-4,Hardware,Power supply status,Power supply 1,FAIL,Power supply state is unknown
2,campus-leaf-4,Hardware,Power supply status,Power supply 2,PASS,
3,media-leaf-1,Hardware,Power supply status,Power supply 1,FAIL,Power supply state is powerLoss
4,media-leaf-1,Hardware,Power supply status,Power supply 2,PASS,
5,media-leaf-2,Hardware,Power supply status,Power supply 1,PASS,
6,media-leaf-2,Hardware,Power supply status,Power supply 2,FAIL,Power supply state is powerLoss
7,media-leaf-3,Hardware,Power supply status,Power supply 1,PASS,
8,media-leaf-3,Hardware,Power supply status,Power supply 2,PASS,
9,media-PTP-1,Hardware,Power supply status,Power supply 1,FAIL,Power supply state is powerLoss
10,media-PTP-1,Hardware,Power supply status,Power supply 2,PASS,
11,media-PTP-2,Hardware,Power supply status,Power supply 1,PASS,
12,media-PTP-2,Hardware,Power supply status,Power supply 2,FAIL,Power supply state is powerLoss
13,media-spine-1,Hardware,Power supply status,Power supply 1,FAIL,Power supply state is powerLoss
14,media-spine-1,Hardware,Power supply status,Power supply 2,PASS,
15,media-spine-2,Hardware,Power supply status,Power supply 1,PASS,
16,media-spine-2,Hardware,Power supply status,Power supply 2,PASS,
17,campus-leaf-4,Hardware,Fan status (power supplies),Power supply fan PowerSupply2,PASS,
18,media-leaf-1,Hardware,Fan status (power supplies),Power supply fan PowerSupply1,PASS,
19,media-leaf-1,Hardware,Fan status (power supplies),Power supply fan PowerSupply2,PASS,
20,media-leaf-2,Hardware,Fan status (power supplies),Power supply fan PowerSupply1,PASS,
21,media-leaf-2,Hardware,Fan status (power supplies),Power supply fan PowerSupply2,PASS,
22,media-leaf-3,Hardware,Fan status (power supplies),Power supply fan PowerSupply1,PASS,
23,media-leaf-3,Hardware,Fan status (power supplies),Power supply fan PowerSupply2,PASS,
24,media-PTP-1,Hardware,Fan status (power supplies),Power supply fan PowerSupply1,PASS,
25,media-PTP-1,Hardware,Fan status (power supplies),Power supply fan PowerSupply2,PASS,
26,media-PTP-2,Hardware,Fan status (power supplies),Power supply fan PowerSupply1,PASS,
27,media-PTP-2,Hardware,Fan status (power supplies),Power supply fan PowerSupply2,PASS,
28,media-spine-1,Hardware,Fan status (power supplies),Power supply fan PowerSupply1,FAIL,Power supply fan status is powerLoss
29,media-spine-1,Hardware,Fan status (power supplies),Power supply fan PowerSupply2,PASS,
30,media-spine-2,Hardware,Fan status (power supplies),Power supply fan PowerSupply1,PASS,
31,media-spine-2,Hardware,Fan status (power supplies),Power supply fan PowerSupply2,PASS,
32,campus-leaf-4,Hardware,Fan status (fan tray),Tray 1,PASS,
33,campus-leaf-4,Hardware,Fan status (fan tray),Tray 2,PASS,
34,campus-leaf-4,Hardware,Fan status (fan tray),Tray 3,PASS,
35,media-leaf-1,Hardware,Fan status (fan tray),Tray 1,PASS,
36,media-leaf-1,Hardware,Fan status (fan tray),Tray 2,PASS,
37,media-leaf-1,Hardware,Fan status (fan tray),Tray 3,PASS,
38,media-leaf-1,Hardware,Fan status (fan tray),Tray 4,PASS,
39,media-leaf-2,Hardware,Fan status (fan tray),Tray 1,PASS,
40,media-leaf-2,Hardware,Fan status (fan tray),Tray 2,PASS,
41,media-leaf-2,Hardware,Fan status (fan tray),Tray 3,PASS,
42,media-leaf-2,Hardware,Fan status (fan tray),Tray 4,PASS,
43,media-leaf-3,Hardware,Fan status (fan tray),Tray 1,PASS,
44,media-leaf-3,Hardware,Fan status (fan tray),Tray 2,PASS,
45,media-leaf-3,Hardware,Fan status (fan tray),Tray 3,PASS,
46,media-leaf-3,Hardware,Fan status (fan tray),Tray 4,PASS,
47,media-PTP-1,Hardware,Fan status (fan tray),Tray 1,PASS,
48,media-PTP-1,Hardware,Fan status (fan tray),Tray 2,PASS,
49,media-PTP-1,Hardware,Fan status (fan tray),Tray 3,PASS,
50,media-PTP-1,Hardware,Fan status (fan tray),Tray 4,PASS,
51,media-PTP-2,Hardware,Fan status (fan tray),Tray 1,PASS,
52,media-PTP-2,Hardware,Fan status (fan tray),Tray 2,PASS,
53,media-PTP-2,Hardware,Fan status (fan tray),Tray 3,PASS,
54,media-PTP-2,Hardware,Fan status (fan tray),Tray 4,PASS,
55,media-spine-1,Hardware,Fan status (fan tray),Tray 1,PASS,
56,media-spine-1,Hardware,Fan status (fan tray),Tray 2,PASS,
57,media-spine-1,Hardware,Fan status (fan tray),Tray 3,PASS,
58,media-spine-1,Hardware,Fan status (fan tray),Tray 4,PASS,
59,media-spine-1,Hardware,Fan status (fan tray),Tray 5,PASS,
60,media-spine-2,Hardware,Fan status (fan tray),Tray 1,PASS,
61,media-spine-2,Hardware,Fan status (fan tray),Tray 2,PASS,
62,media-spine-2,Hardware,Fan status (fan tray),Tray 3,PASS,
63,media-spine-2,Hardware,Fan status (fan tray),Tray 4,PASS,
64,campus-leaf-4,Hardware,Temperature,System temperature,PASS,
65,media-leaf-1,Hardware,Temperature,System temperature,PASS,
66,media-leaf-2,Hardware,Temperature,System temperature,PASS,
67,media-leaf-3,Hardware,Temperature,System temperature,PASS,
68,media-PTP-1,Hardware,Temperature,System temperature,PASS,
69,media-PTP-2,Hardware,Temperature,System temperature,PASS,
70,media-spine-1,Hardware,Temperature,System temperature,PASS,
71,media-spine-2,Hardware,Temperature,System temperature,PASS,
72,campus-leaf-4,Hardware,Transceivers manufacturers,Port 30,PASS,
73,campus-leaf-4,Hardware,Transceivers manufacturers,Port 28,PASS,
74,campus-leaf-4,Hardware,Transceivers manufacturers,Port 29,PASS,
75,campus-leaf-4,Hardware,Transceivers manufacturers,Port 35,PASS,
76,campus-leaf-4,Hardware,Transceivers manufacturers,Port 34,PASS,
77,campus-leaf-4,Hardware,Transceivers manufacturers,Port 24,PASS,
78,campus-leaf-4,Hardware,Transceivers manufacturers,Port 25,PASS,
79,campus-leaf-4,Hardware,Transceivers manufacturers,Port 26,PASS,
80,campus-leaf-4,Hardware,Transceivers manufacturers,Port 27,PASS,
81,campus-leaf-4,Hardware,Transceivers manufacturers,Port 20,PASS,
82,campus-leaf-4,Hardware,Transceivers manufacturers,Port 21,PASS,
83,campus-leaf-4,Hardware,Transceivers manufacturers,Port 22,PASS,
84,campus-leaf-4,Hardware,Transceivers manufacturers,Port 23,PASS,
85,campus-leaf-4,Hardware,Transceivers manufacturers,Port 46,PASS,
86,campus-leaf-4,Hardware,Transceivers manufacturers,Port 47,PASS,
87,campus-leaf-4,Hardware,Transceivers manufacturers,Port 44,PASS,
88,campus-leaf-4,Hardware,Transceivers manufacturers,Port 45,PASS,
89,campus-leaf-4,Hardware,Transceivers manufacturers,Port 42,PASS,
90,campus-leaf-4,Hardware,Transceivers manufacturers,Port 43,PASS,
91,campus-leaf-4,Hardware,Transceivers manufacturers,Port 40,PASS,
92,campus-leaf-4,Hardware,Transceivers manufacturers,Port 41,PASS,
93,campus-leaf-4,Hardware,Transceivers manufacturers,Port 1,PASS,
94,campus-leaf-4,Hardware,Transceivers manufacturers,Port 3,PASS,
95,campus-leaf-4,Hardware,Transceivers manufacturers,Port 2,PASS,
96,campus-leaf-4,Hardware,Transceivers manufacturers,Port 5,PASS,
97,campus-leaf-4,Hardware,Transceivers manufacturers,Port 4,PASS,
98,campus-leaf-4,Hardware,Transceivers manufacturers,Port 7,PASS,
99,campus-leaf-4,Hardware,Transceivers manufacturers,Port 6,PASS,
100,campus-leaf-4,Hardware,Transceivers manufacturers,Port 9,PASS,
101,campus-leaf-4,Hardware,Transceivers manufacturers,Port 8,PASS,
102,campus-leaf-4,Hardware,Transceivers manufacturers,Port 18,PASS,
103,campus-leaf-4,Hardware,Transceivers manufacturers,Port 13,PASS,
104,campus-leaf-4,Hardware,Transceivers manufacturers,Port 38,PASS,
105,campus-leaf-4,Hardware,Transceivers manufacturers,Port 14,PASS,
106,campus-leaf-4,Hardware,Transceivers manufacturers,Port 11,PASS,
107,campus-leaf-4,Hardware,Transceivers manufacturers,Port 10,PASS,
108,campus-leaf-4,Hardware,Transceivers manufacturers,Port 39,PASS,
109,campus-leaf-4,Hardware,Transceivers manufacturers,Port 12,PASS,
110,campus-leaf-4,Hardware,Transceivers manufacturers,Port 15,PASS,
111,campus-leaf-4,Hardware,Transceivers manufacturers,Port 48,PASS,
112,campus-leaf-4,Hardware,Transceivers manufacturers,Port 17,PASS,
113,campus-leaf-4,Hardware,Transceivers manufacturers,Port 16,PASS,
114,campus-leaf-4,Hardware,Transceivers manufacturers,Port 19,PASS,
115,campus-leaf-4,Hardware,Transceivers manufacturers,Port 54,PASS,
116,campus-leaf-4,Hardware,Transceivers manufacturers,Port 31,PASS,
117,campus-leaf-4,Hardware,Transceivers manufacturers,Port 36,PASS,
118,campus-leaf-4,Hardware,Transceivers manufacturers,Port 53,FAIL,Transceivers manufacturers is Fiberstore
119,campus-leaf-4,Hardware,Transceivers manufacturers,Port 33,PASS,
120,campus-leaf-4,Hardware,Transceivers manufacturers,Port 37,PASS,
121,campus-leaf-4,Hardware,Transceivers manufacturers,Port 32,PASS,
122,media-leaf-1,Hardware,Transceivers manufacturers,Port 1,PASS,
123,media-leaf-1,Hardware,Transceivers manufacturers,Port 5,PASS,
124,media-leaf-1,Hardware,Transceivers manufacturers,Port 13,PASS,
125,media-leaf-1,Hardware,Transceivers manufacturers,Port 14,PASS,
126,media-leaf-1,Hardware,Transceivers manufacturers,Port 15,PASS,
127,media-leaf-1,Hardware,Transceivers manufacturers,Port 16,PASS,
128,media-leaf-1,Hardware,Transceivers manufacturers,Port 25,FAIL,Transceivers manufacturers is Molex Inc.
129,media-leaf-1,Hardware,Transceivers manufacturers,Port 26,FAIL,Transceivers manufacturers is Molex Inc.
130,media-leaf-1,Hardware,Transceivers manufacturers,Port 27,FAIL,Transceivers manufacturers is Molex Inc.
131,media-leaf-1,Hardware,Transceivers manufacturers,Port 41,PASS,
132,media-leaf-1,Hardware,Transceivers manufacturers,Port 42,PASS,
133,media-leaf-1,Hardware,Transceivers manufacturers,Port 43,PASS,
134,media-leaf-1,Hardware,Transceivers manufacturers,Port 44,PASS,
135,media-leaf-1,Hardware,Transceivers manufacturers,Port 45,PASS,
136,media-leaf-1,Hardware,Transceivers manufacturers,Port 46,PASS,
137,media-leaf-1,Hardware,Transceivers manufacturers,Port 49,PASS,
138,media-leaf-1,Hardware,Transceivers manufacturers,Port 50,PASS,
139,media-leaf-1,Hardware,Transceivers manufacturers,Port 51,PASS,
140,media-leaf-1,Hardware,Transceivers manufacturers,Port 52,PASS,
141,media-leaf-1,Hardware,Transceivers manufacturers,Port 53,PASS,
142,media-leaf-1,Hardware,Transceivers manufacturers,Port 54,PASS,
143,media-leaf-2,Hardware,Transceivers manufacturers,Port 5,PASS,
144,media-leaf-2,Hardware,Transceivers manufacturers,Port 13,PASS,
145,media-leaf-2,Hardware,Transceivers manufacturers,Port 14,PASS,
146,media-leaf-2,Hardware,Transceivers manufacturers,Port 15,PASS,
147,media-leaf-2,Hardware,Transceivers manufacturers,Port 16,PASS,
148,media-leaf-2,Hardware,Transceivers manufacturers,Port 41,PASS,
149,media-leaf-2,Hardware,Transceivers manufacturers,Port 42,PASS,
150,media-leaf-2,Hardware,Transceivers manufacturers,Port 43,PASS,
151,media-leaf-2,Hardware,Transceivers manufacturers,Port 44,PASS,
152,media-leaf-2,Hardware,Transceivers manufacturers,Port 45,PASS,
153,media-leaf-2,Hardware,Transceivers manufacturers,Port 46,PASS,
154,media-leaf-2,Hardware,Transceivers manufacturers,Port 49,PASS,
155,media-leaf-2,Hardware,Transceivers manufacturers,Port 50,PASS,
156,media-leaf-2,Hardware,Transceivers manufacturers,Port 51,PASS,
157,media-leaf-2,Hardware,Transceivers manufacturers,Port 52,PASS,
158,media-leaf-2,Hardware,Transceivers manufacturers,Port 53,PASS,
159,media-leaf-2,Hardware,Transceivers manufacturers,Port 54,PASS,
160,media-leaf-3,Hardware,Transceivers manufacturers,Port 60,PASS,
161,media-leaf-3,Hardware,Transceivers manufacturers,Port 1,PASS,
162,media-leaf-3,Hardware,Transceivers manufacturers,Port 3,PASS,
163,media-leaf-3,Hardware,Transceivers manufacturers,Port 2,PASS,
164,media-leaf-3,Hardware,Transceivers manufacturers,Port 4,PASS,
165,media-leaf-3,Hardware,Transceivers manufacturers,Port 54,PASS,
166,media-leaf-3,Hardware,Transceivers manufacturers,Port 49,PASS,
167,media-leaf-3,Hardware,Transceivers manufacturers,Port 51,PASS,
168,media-leaf-3,Hardware,Transceivers manufacturers,Port 53,PASS,
169,media-leaf-3,Hardware,Transceivers manufacturers,Port 52,PASS,
170,media-leaf-3,Hardware,Transceivers manufacturers,Port 50,PASS,
171,media-PTP-1,Hardware,Transceivers manufacturers,Port 30,PASS,
172,media-PTP-1,Hardware,Transceivers manufacturers,Port 28,PASS,
173,media-PTP-1,Hardware,Transceivers manufacturers,Port 29,PASS,
174,media-PTP-1,Hardware,Transceivers manufacturers,Port 35,PASS,
175,media-PTP-1,Hardware,Transceivers manufacturers,Port 34,PASS,
176,media-PTP-1,Hardware,Transceivers manufacturers,Port 24,PASS,
177,media-PTP-1,Hardware,Transceivers manufacturers,Port 25,PASS,
178,media-PTP-1,Hardware,Transceivers manufacturers,Port 26,PASS,
179,media-PTP-1,Hardware,Transceivers manufacturers,Port 27,PASS,
180,media-PTP-1,Hardware,Transceivers manufacturers,Port 20,PASS,
181,media-PTP-1,Hardware,Transceivers manufacturers,Port 21,PASS,
182,media-PTP-1,Hardware,Transceivers manufacturers,Port 22,PASS,
183,media-PTP-1,Hardware,Transceivers manufacturers,Port 23,PASS,
184,media-PTP-1,Hardware,Transceivers manufacturers,Port 46,PASS,
185,media-PTP-1,Hardware,Transceivers manufacturers,Port 47,PASS,
186,media-PTP-1,Hardware,Transceivers manufacturers,Port 44,PASS,
187,media-PTP-1,Hardware,Transceivers manufacturers,Port 45,PASS,
188,media-PTP-1,Hardware,Transceivers manufacturers,Port 42,PASS,
189,media-PTP-1,Hardware,Transceivers manufacturers,Port 43,PASS,
190,media-PTP-1,Hardware,Transceivers manufacturers,Port 40,PASS,
191,media-PTP-1,Hardware,Transceivers manufacturers,Port 41,PASS,
192,media-PTP-1,Hardware,Transceivers manufacturers,Port 1,PASS,
193,media-PTP-1,Hardware,Transceivers manufacturers,Port 3,PASS,
194,media-PTP-1,Hardware,Transceivers manufacturers,Port 2,PASS,
195,media-PTP-1,Hardware,Transceivers manufacturers,Port 5,PASS,
196,media-PTP-1,Hardware,Transceivers manufacturers,Port 4,PASS,
197,media-PTP-1,Hardware,Transceivers manufacturers,Port 7,PASS,
198,media-PTP-1,Hardware,Transceivers manufacturers,Port 6,PASS,
199,media-PTP-1,Hardware,Transceivers manufacturers,Port 9,PASS,
200,media-PTP-1,Hardware,Transceivers manufacturers,Port 8,PASS,
201,media-PTP-1,Hardware,Transceivers manufacturers,Port 18,PASS,
202,media-PTP-1,Hardware,Transceivers manufacturers,Port 13,PASS,
203,media-PTP-1,Hardware,Transceivers manufacturers,Port 38,PASS,
204,media-PTP-1,Hardware,Transceivers manufacturers,Port 14,PASS,
205,media-PTP-1,Hardware,Transceivers manufacturers,Port 11,PASS,
206,media-PTP-1,Hardware,Transceivers manufacturers,Port 10,PASS,
207,media-PTP-1,Hardware,Transceivers manufacturers,Port 39,PASS,
208,media-PTP-1,Hardware,Transceivers manufacturers,Port 12,PASS,
209,media-PTP-1,Hardware,Transceivers manufacturers,Port 15,PASS,
210,media-PTP-1,Hardware,Transceivers manufacturers,Port 48,PASS,
211,media-PTP-1,Hardware,Transceivers manufacturers,Port 17,PASS,
212,media-PTP-1,Hardware,Transceivers manufacturers,Port 16,PASS,
213,media-PTP-1,Hardware,Transceivers manufacturers,Port 19,PASS,
214,media-PTP-1,Hardware,Transceivers manufacturers,Port 54,PASS,
215,media-PTP-1,Hardware,Transceivers manufacturers,Port 31,PASS,
216,media-PTP-1,Hardware,Transceivers manufacturers,Port 49,PASS,
217,media-PTP-1,Hardware,Transceivers manufacturers,Port 51,PASS,
218,media-PTP-1,Hardware,Transceivers manufacturers,Port 36,PASS,
219,media-PTP-1,Hardware,Transceivers manufacturers,Port 52,PASS,
220,media-PTP-1,Hardware,Transceivers manufacturers,Port 33,PASS,
221,media-PTP-1,Hardware,Transceivers manufacturers,Port 37,PASS,
222,media-PTP-1,Hardware,Transceivers manufacturers,Port 32,PASS,
223,media-PTP-1,Hardware,Transceivers manufacturers,Port 50,PASS,
224,media-PTP-2,Hardware,Transceivers manufacturers,Port 30,PASS,
225,media-PTP-2,Hardware,Transceivers manufacturers,Port 28,PASS,
226,media-PTP-2,Hardware,Transceivers manufacturers,Port 29,PASS,
227,media-PTP-2,Hardware,Transceivers manufacturers,Port 35,PASS,
228,media-PTP-2,Hardware,Transceivers manufacturers,Port 34,PASS,
229,media-PTP-2,Hardware,Transceivers manufacturers,Port 24,PASS,
230,media-PTP-2,Hardware,Transceivers manufacturers,Port 25,PASS,
231,media-PTP-2,Hardware,Transceivers manufacturers,Port 26,PASS,
232,media-PTP-2,Hardware,Transceivers manufacturers,Port 27,PASS,
233,media-PTP-2,Hardware,Transceivers manufacturers,Port 20,PASS,
234,media-PTP-2,Hardware,Transceivers manufacturers,Port 21,PASS,
235,media-PTP-2,Hardware,Transceivers manufacturers,Port 22,PASS,
236,media-PTP-2,Hardware,Transceivers manufacturers,Port 23,PASS,
237,media-PTP-2,Hardware,Transceivers manufacturers,Port 46,PASS,
238,media-PTP-2,Hardware,Transceivers manufacturers,Port 47,PASS,
239,media-PTP-2,Hardware,Transceivers manufacturers,Port 44,PASS,
240,media-PTP-2,Hardware,Transceivers manufacturers,Port 45,PASS,
241,media-PTP-2,Hardware,Transceivers manufacturers,Port 42,PASS,
242,media-PTP-2,Hardware,Transceivers manufacturers,Port 43,PASS,
243,media-PTP-2,Hardware,Transceivers manufacturers,Port 40,PASS,
244,media-PTP-2,Hardware,Transceivers manufacturers,Port 41,PASS,
245,media-PTP-2,Hardware,Transceivers manufacturers,Port 1,PASS,
246,media-PTP-2,Hardware,Transceivers manufacturers,Port 3,PASS,
247,media-PTP-2,Hardware,Transceivers manufacturers,Port 2,PASS,
248,media-PTP-2,Hardware,Transceivers manufacturers,Port 5,PASS,
249,media-PTP-2,Hardware,Transceivers manufacturers,Port 4,PASS,
250,media-PTP-2,Hardware,Transceivers manufacturers,Port 7,PASS,
251,media-PTP-2,Hardware,Transceivers manufacturers,Port 6,PASS,
252,media-PTP-2,Hardware,Transceivers manufacturers,Port 9,PASS,
253,media-PTP-2,Hardware,Transceivers manufacturers,Port 8,PASS,
254,media-PTP-2,Hardware,Transceivers manufacturers,Port 18,PASS,
255,media-PTP-2,Hardware,Transceivers manufacturers,Port 13,PASS,
256,media-PTP-2,Hardware,Transceivers manufacturers,Port 38,PASS,
257,media-PTP-2,Hardware,Transceivers manufacturers,Port 14,PASS,
258,media-PTP-2,Hardware,Transceivers manufacturers,Port 11,PASS,
259,media-PTP-2,Hardware,Transceivers manufacturers,Port 10,PASS,
260,media-PTP-2,Hardware,Transceivers manufacturers,Port 39,PASS,
261,media-PTP-2,Hardware,Transceivers manufacturers,Port 12,PASS,
262,media-PTP-2,Hardware,Transceivers manufacturers,Port 15,PASS,
263,media-PTP-2,Hardware,Transceivers manufacturers,Port 48,PASS,
264,media-PTP-2,Hardware,Transceivers manufacturers,Port 17,PASS,
265,media-PTP-2,Hardware,Transceivers manufacturers,Port 16,PASS,
266,media-PTP-2,Hardware,Transceivers manufacturers,Port 19,PASS,
267,media-PTP-2,Hardware,Transceivers manufacturers,Port 54,PASS,
268,media-PTP-2,Hardware,Transceivers manufacturers,Port 31,PASS,
269,media-PTP-2,Hardware,Transceivers manufacturers,Port 49,PASS,
270,media-PTP-2,Hardware,Transceivers manufacturers,Port 51,PASS,
271,media-PTP-2,Hardware,Transceivers manufacturers,Port 36,PASS,
272,media-PTP-2,Hardware,Transceivers manufacturers,Port 52,PASS,
273,media-PTP-2,Hardware,Transceivers manufacturers,Port 33,PASS,
274,media-PTP-2,Hardware,Transceivers manufacturers,Port 37,PASS,
275,media-PTP-2,Hardware,Transceivers manufacturers,Port 32,PASS,
276,media-PTP-2,Hardware,Transceivers manufacturers,Port 50,PASS,
277,media-spine-1,Hardware,Transceivers manufacturers,Port 1,PASS,
278,media-spine-1,Hardware,Transceivers manufacturers,Port 2,PASS,
279,media-spine-1,Hardware,Transceivers manufacturers,Port 3,PASS,
280,media-spine-1,Hardware,Transceivers manufacturers,Port 4,PASS,
281,media-spine-1,Hardware,Transceivers manufacturers,Port 5,PASS,
282,media-spine-1,Hardware,Transceivers manufacturers,Port 7,PASS,
283,media-spine-1,Hardware,Transceivers manufacturers,Port 13,PASS,
284,media-spine-1,Hardware,Transceivers manufacturers,Port 15,PASS,
285,media-spine-1,Hardware,Transceivers manufacturers,Port 16,PASS,
286,media-spine-1,Hardware,Transceivers manufacturers,Port 17,PASS,
287,media-spine-1,Hardware,Transceivers manufacturers,Port 18,PASS,
288,media-spine-1,Hardware,Transceivers manufacturers,Port 25,FAIL,Transceivers manufacturers is Fiberstore
289,media-spine-1,Hardware,Transceivers manufacturers,Port 27,PASS,
290,media-spine-1,Hardware,Transceivers manufacturers,Port 28,PASS,
291,media-spine-1,Hardware,Transceivers manufacturers,Port 29,PASS,
292,media-spine-1,Hardware,Transceivers manufacturers,Port 30,PASS,
293,media-spine-2,Hardware,Transceivers manufacturers,Port 1,PASS,
294,media-spine-2,Hardware,Transceivers manufacturers,Port 2,PASS,
295,media-spine-2,Hardware,Transceivers manufacturers,Port 3,PASS,
296,media-spine-2,Hardware,Transceivers manufacturers,Port 4,PASS,
297,media-spine-2,Hardware,Transceivers manufacturers,Port 5,PASS,
298,media-spine-2,Hardware,Transceivers manufacturers,Port 6,PASS,
299,media-spine-2,Hardware,Transceivers manufacturers,Port 13,PASS,
300,media-spine-2,Hardware,Transceivers manufacturers,Port 15,PASS,
301,media-spine-2,Hardware,Transceivers manufacturers,Port 16,PASS,
302,media-spine-2,Hardware,Transceivers manufacturers,Port 17,PASS,
303,media-spine-2,Hardware,Transceivers manufacturers,Port 18,PASS,
304,media-spine-2,Hardware,Transceivers manufacturers,Port 25,PASS,
305,media-spine-2,Hardware,Transceivers manufacturers,Port 27,PASS,
306,media-spine-2,Hardware,Transceivers manufacturers,Port 28,PASS,
307,media-spine-2,Hardware,Transceivers manufacturers,Port 29,PASS,
308,media-spine-2,Hardware,Transceivers manufacturers,Port 30,PASS,
309,campus-leaf-4,NTP,Synchronised with NTP server,NTP,FAIL,Not synchronised to NTP server
310,media-leaf-1,NTP,Synchronised with NTP server,NTP,FAIL,Not synchronised to NTP server
311,media-leaf-2,NTP,Synchronised with NTP server,NTP,FAIL,Not synchronised to NTP server
312,media-leaf-3,NTP,Synchronised with NTP server,NTP,FAIL,Not synchronised to NTP server
313,media-PTP-1,NTP,Synchronised with NTP server,NTP,FAIL,Not synchronised to NTP server
314,media-PTP-2,NTP,Synchronised with NTP server,NTP,FAIL,Not synchronised to NTP server
315,media-spine-1,NTP,Synchronised with NTP server,NTP,FAIL,Not synchronised to NTP server
316,media-spine-2,NTP,Synchronised with NTP server,NTP,FAIL,Not synchronised to NTP server
317,campus-leaf-4,Interface State,Ethernet Interface & Line Protocol == "up",Ethernet53/1 - P2P_LINK_TO_MEDIA-SPINE-1_Ethernet25/1,PASS,
318,campus-leaf-4,Interface State,Ethernet Interface & Line Protocol == "up",Ethernet54/1 - P2P_LINK_TO_MEDIA-SPINE-2_Ethernet25/1,PASS,
319,campus-leaf-4,Interface State,Ethernet Interface & Line Protocol == "up",Ethernet1 - Lawo Ruby 1,FAIL,Interface shutdown: False - interface status: down - line protocol status: down
320,campus-leaf-4,Interface State,Ethernet Interface & Line Protocol == "up",Ethernet2 - Lawo Ruby 2,FAIL,Interface shutdown: False - interface status: down - line protocol status: down
321,campus-leaf-4,Interface State,Ethernet Interface & Line Protocol == "up",Ethernet3 - Lawo Link 4,PASS,
322,campus-leaf-4,Interface State,Ethernet Interface & Line Protocol == "up",Ethernet11 - mcs senders/receivers,FAIL,Interface shutdown: False - interface status: down - line protocol status: down
323,campus-leaf-4,Interface State,Ethernet Interface & Line Protocol == "up",Ethernet12 - mcs senders/receivers,FAIL,Interface shutdown: False - interface status: down - line protocol status: down
324,campus-leaf-4,Interface State,Ethernet Interface & Line Protocol == "up",Ethernet13 - mcs senders/receivers,FAIL,Interface shutdown: False - interface status: down - line protocol status: down
325,campus-leaf-4,Interface State,Ethernet Interface & Line Protocol == "up",Ethernet14 - mcs senders/receivers,FAIL,Interface shutdown: False - interface status: down - line protocol status: down
326,campus-leaf-4,Interface State,Ethernet Interface & Line Protocol == "up",Ethernet15 - mcs senders/receivers,FAIL,Interface shutdown: False - interface status: down - line protocol status: down
327,campus-leaf-4,Interface State,Ethernet Interface & Line Protocol == "up",Ethernet16 - mcs senders/receivers,FAIL,Interface shutdown: False - interface status: down - line protocol status: down
328,campus-leaf-4,Interface State,Ethernet Interface & Line Protocol == "up",Ethernet17 - mcs senders/receivers,FAIL,Interface shutdown: False - interface status: down - line protocol status: down
329,campus-leaf-4,Interface State,Ethernet Interface & Line Protocol == "up",Ethernet18 - mcs senders/receivers,FAIL,Interface shutdown: False - interface status: down - line protocol status: down
330,campus-leaf-4,Interface State,Ethernet Interface & Line Protocol == "up",Ethernet19 - mcs senders/receivers,FAIL,Interface shutdown: False - interface status: down - line protocol status: down
331,media-leaf-1,Interface State,Ethernet Interface & Line Protocol == "up",Ethernet49/1 - P2P_LINK_TO_MEDIA-SPINE-1_Ethernet1/1,PASS,
332,media-leaf-1,Interface State,Ethernet Interface & Line Protocol == "up",Ethernet50/1 - P2P_LINK_TO_MEDIA-SPINE-1_Ethernet2/1,PASS,
333,media-leaf-1,Interface State,Ethernet Interface & Line Protocol == "up",Ethernet51/1 - P2P_LINK_TO_MEDIA-SPINE-2_Ethernet1/1,PASS,
334,media-leaf-1,Interface State,Ethernet Interface & Line Protocol == "up",Ethernet52/1 - P2P_LINK_TO_MEDIA-SPINE-2_Ethernet2/1,PASS,
335,media-leaf-1,Interface State,Ethernet Interface & Line Protocol == "up",Ethernet6 - DirectOut EXBOX,FAIL,Interface shutdown: False - interface status: down - line protocol status: notPresent
336,media-leaf-1,Interface State,Ethernet Interface & Line Protocol == "up",Ethernet13 - C100-1 P1-1,PASS,
337,media-leaf-1,Interface State,Ethernet Interface & Line Protocol == "up",Ethernet14 - C100-1 P1-2,PASS,
338,media-leaf-1,Interface State,Ethernet Interface & Line Protocol == "up",Ethernet16 - C100-1 P1-4,PASS,
339,media-leaf-1,Interface State,Ethernet Interface & Line Protocol == "up",Ethernet17 - C100-2 P1-1,FAIL,Interface shutdown: False - interface status: down - line protocol status: notPresent
340,media-leaf-1,Interface State,Ethernet Interface & Line Protocol == "up",Ethernet18 - C100-2 P1-2,FAIL,Interface shutdown: False - interface status: down - line protocol status: notPresent
341,media-leaf-1,Interface State,Ethernet Interface & Line Protocol == "up",Ethernet19 - C100-2 P1-3,FAIL,Interface shutdown: False - interface status: down - line protocol status: notPresent
342,media-leaf-1,Interface State,Ethernet Interface & Line Protocol == "up",Ethernet20 - C100-2 P1-4,FAIL,Interface shutdown: False - interface status: down - line protocol status: notPresent
343,media-leaf-1,Interface State,Ethernet Interface & Line Protocol == "up",Ethernet21 - mcs senders/receivers,FAIL,Interface shutdown: False - interface status: down - line protocol status: notPresent
344,media-leaf-1,Interface State,Ethernet Interface & Line Protocol == "up",Ethernet22 - mcs senders/receivers,FAIL,Interface shutdown: False - interface status: down - line protocol status: notPresent
345,media-leaf-1,Interface State,Ethernet Interface & Line Protocol == "up",Ethernet23 - mcs senders/receivers,FAIL,Interface shutdown: False - interface status: down - line protocol status: notPresent
346,media-leaf-1,Interface State,Ethernet Interface & Line Protocol == "up",Ethernet24 - mcs senders/receivers,FAIL,Interface shutdown: False - interface status: down - line protocol status: notPresent
347,media-leaf-1,Interface State,Ethernet Interface & Line Protocol == "up",Ethernet25 - mcs senders/receivers,PASS,
348,media-leaf-1,Interface State,Ethernet Interface & Line Protocol == "up",Ethernet26 - mcs senders/receivers,PASS,
349,media-leaf-1,Interface State,Ethernet Interface & Line Protocol == "up",Ethernet27 - mcs senders/receivers,FAIL,Interface shutdown: False - interface status: down - line protocol status: down
350,media-leaf-1,Interface State,Ethernet Interface & Line Protocol == "up",Ethernet28 - mcs senders/receivers,FAIL,Interface shutdown: False - interface status: down - line protocol status: notPresent
351,media-leaf-1,Interface State,Ethernet Interface & Line Protocol == "up",Ethernet29 - mcs senders/receivers,FAIL,Interface shutdown: False - interface status: down - line protocol status: notPresent
352,media-leaf-1,Interface State,Ethernet Interface & Line Protocol == "up",Ethernet30 - mcs senders/receivers,FAIL,Interface shutdown: False - interface status: down - line protocol status: notPresent
353,media-leaf-1,Interface State,Ethernet Interface & Line Protocol == "up",Ethernet31 - mcs senders/receivers,FAIL,Interface shutdown: False - interface status: down - line protocol status: notPresent
354,media-leaf-1,Interface State,Ethernet Interface & Line Protocol == "up",Ethernet32 - mcs senders/receivers,FAIL,Interface shutdown: False - interface status: down - line protocol status: notPresent
355,media-leaf-1,Interface State,Ethernet Interface & Line Protocol == "up",Ethernet33 - mcs senders/receivers,FAIL,Interface shutdown: False - interface status: down - line protocol status: notPresent
356,media-leaf-1,Interface State,Ethernet Interface & Line Protocol == "up",Ethernet34 - mcs senders/receivers,FAIL,Interface shutdown: False - interface status: down - line protocol status: notPresent
357,media-leaf-1,Interface State,Ethernet Interface & Line Protocol == "up",Ethernet35 - mcs senders/receivers,FAIL,Interface shutdown: False - interface status: down - line protocol status: notPresent
358,media-leaf-1,Interface State,Ethernet Interface & Line Protocol == "up",Ethernet36 - mcs senders/receivers,FAIL,Interface shutdown: False - interface status: down - line protocol status: notPresent
359,media-leaf-1,Interface State,Ethernet Interface & Line Protocol == "up",Ethernet37 - mcs senders/receivers,FAIL,Interface shutdown: False - interface status: down - line protocol status: notPresent
360,media-leaf-1,Interface State,Ethernet Interface & Line Protocol == "up",Ethernet38 - mcs senders/receivers,FAIL,Interface shutdown: False - interface status: down - line protocol status: notPresent
361,media-leaf-1,Interface State,Ethernet Interface & Line Protocol == "up",Ethernet39 - mcs senders/receivers,FAIL,Interface shutdown: False - interface status: down - line protocol status: notPresent
362,media-leaf-1,Interface State,Ethernet Interface & Line Protocol == "up",Ethernet40 - mcs senders/receivers,FAIL,Interface shutdown: False - interface status: down - line protocol status: notPresent
363,media-leaf-1,Interface State,Ethernet Interface & Line Protocol == "up",Ethernet53/1 - EVS Neuron,PASS,
364,media-leaf-1,Interface State,Ethernet Interface & Line Protocol == "up",Ethernet54/1 - Imagine SNP-2118212563-Data-A,PASS,
365,media-leaf-2,Interface State,Ethernet Interface & Line Protocol == "up",Ethernet49/1 - P2P_LINK_TO_MEDIA-SPINE-1_Ethernet3/1,PASS,
366,media-leaf-2,Interface State,Ethernet Interface & Line Protocol == "up",Ethernet50/1 - P2P_LINK_TO_MEDIA-SPINE-1_Ethernet4/1,PASS,
367,media-leaf-2,Interface State,Ethernet Interface & Line Protocol == "up",Ethernet51/1 - P2P_LINK_TO_MEDIA-SPINE-2_Ethernet3/1,PASS,
368,media-leaf-2,Interface State,Ethernet Interface & Line Protocol == "up",Ethernet52/1 - P2P_LINK_TO_MEDIA-SPINE-2_Ethernet4/1,PASS,
369,media-leaf-2,Interface State,Ethernet Interface & Line Protocol == "up",Ethernet13 - C100-1 P2-2,PASS,
370,media-leaf-2,Interface State,Ethernet Interface & Line Protocol == "up",Ethernet14 - C100-1 P2-2,PASS,
371,media-leaf-2,Interface State,Ethernet Interface & Line Protocol == "up",Ethernet15 - C100-1 P2-3,PASS,
372,media-leaf-2,Interface State,Ethernet Interface & Line Protocol == "up",Ethernet16 - C100-1 P2-4,PASS,
373,media-leaf-2,Interface State,Ethernet Interface & Line Protocol == "up",Ethernet17 - C100-2 P2-1,FAIL,Interface shutdown: False - interface status: down - line protocol status: notPresent
374,media-leaf-2,Interface State,Ethernet Interface & Line Protocol == "up",Ethernet18 - C100-2 P2-2,FAIL,Interface shutdown: False - interface status: down - line protocol status: notPresent
375,media-leaf-2,Interface State,Ethernet Interface & Line Protocol == "up",Ethernet19 - C100-2 P2-3,FAIL,Interface shutdown: False - interface status: down - line protocol status: notPresent
376,media-leaf-2,Interface State,Ethernet Interface & Line Protocol == "up",Ethernet20 - C100-2 P2-4,FAIL,Interface shutdown: False - interface status: down - line protocol status: notPresent
377,media-leaf-2,Interface State,Ethernet Interface & Line Protocol == "up",Ethernet21 - mcs senders/receivers,FAIL,Interface shutdown: False - interface status: down - line protocol status: notPresent
378,media-leaf-2,Interface State,Ethernet Interface & Line Protocol == "up",Ethernet22 - mcs senders/receivers,FAIL,Interface shutdown: False - interface status: down - line protocol status: notPresent
379,media-leaf-2,Interface State,Ethernet Interface & Line Protocol == "up",Ethernet23 - mcs senders/receivers,FAIL,Interface shutdown: False - interface status: down - line protocol status: notPresent
380,media-leaf-2,Interface State,Ethernet Interface & Line Protocol == "up",Ethernet24 - mcs senders/receivers,FAIL,Interface shutdown: False - interface status: down - line protocol status: notPresent
381,media-leaf-2,Interface State,Ethernet Interface & Line Protocol == "up",Ethernet25 - mcs senders/receivers,FAIL,Interface shutdown: False - interface status: down - line protocol status: notPresent
382,media-leaf-2,Interface State,Ethernet Interface & Line Protocol == "up",Ethernet26 - mcs senders/receivers,FAIL,Interface shutdown: False - interface status: down - line protocol status: notPresent
383,media-leaf-2,Interface State,Ethernet Interface & Line Protocol == "up",Ethernet27 - mcs senders/receivers,FAIL,Interface shutdown: False - interface status: down - line protocol status: notPresent
384,media-leaf-2,Interface State,Ethernet Interface & Line Protocol == "up",Ethernet28 - mcs senders/receivers,FAIL,Interface shutdown: False - interface status: down - line protocol status: notPresent
385,media-leaf-2,Interface State,Ethernet Interface & Line Protocol == "up",Ethernet29 - mcs senders/receivers,FAIL,Interface shutdown: False - interface status: down - line protocol status: notPresent
386,media-leaf-2,Interface State,Ethernet Interface & Line Protocol == "up",Ethernet30 - mcs senders/receivers,FAIL,Interface shutdown: False - interface status: down - line protocol status: notPresent
387,media-leaf-2,Interface State,Ethernet Interface & Line Protocol == "up",Ethernet31 - mcs senders/receivers,FAIL,Interface shutdown: False - interface status: down - line protocol status: notPresent
388,media-leaf-2,Interface State,Ethernet Interface & Line Protocol == "up",Ethernet32 - mcs senders/receivers,FAIL,Interface shutdown: False - interface status: down - line protocol status: notPresent
389,media-leaf-2,Interface State,Ethernet Interface & Line Protocol == "up",Ethernet33 - mcs senders/receivers,FAIL,Interface shutdown: False - interface status: down - line protocol status: notPresent
390,media-leaf-2,Interface State,Ethernet Interface & Line Protocol == "up",Ethernet34 - mcs senders/receivers,FAIL,Interface shutdown: False - interface status: down - line protocol status: notPresent
391,media-leaf-2,Interface State,Ethernet Interface & Line Protocol == "up",Ethernet35 - mcs senders/receivers,FAIL,Interface shutdown: False - interface status: down - line protocol status: notPresent
392,media-leaf-2,Interface State,Ethernet Interface & Line Protocol == "up",Ethernet36 - mcs senders/receivers,FAIL,Interface shutdown: False - interface status: down - line protocol status: notPresent
393,media-leaf-2,Interface State,Ethernet Interface & Line Protocol == "up",Ethernet37 - mcs senders/receivers,FAIL,Interface shutdown: False - interface status: down - line protocol status: notPresent
394,media-leaf-2,Interface State,Ethernet Interface & Line Protocol == "up",Ethernet38 - mcs senders/receivers,FAIL,Interface shutdown: False - interface status: down - line protocol status: notPresent
395,media-leaf-2,Interface State,Ethernet Interface & Line Protocol == "up",Ethernet39 - mcs senders/receivers,FAIL,Interface shutdown: False - interface status: down - line protocol status: notPresent
396,media-leaf-2,Interface State,Ethernet Interface & Line Protocol == "up",Ethernet40 - mcs senders/receivers,FAIL,Interface shutdown: False - interface status: down - line protocol status: notPresent
397,media-leaf-2,Interface State,Ethernet Interface & Line Protocol == "up",Ethernet53/1 - EVS Neuron,PASS,
398,media-leaf-2,Interface State,Ethernet Interface & Line Protocol == "up",Ethernet54/1 - Imagine SNP-2118212563-Data-B,PASS,
399,media-leaf-3,Interface State,Ethernet Interface & Line Protocol == "up",Ethernet49/1 - P2P_LINK_TO_MEDIA-SPINE-1_Ethernet17/1,PASS,
400,media-leaf-3,Interface State,Ethernet Interface & Line Protocol == "up",Ethernet50/1 - P2P_LINK_TO_MEDIA-SPINE-1_Ethernet18/1,PASS,
401,media-leaf-3,Interface State,Ethernet Interface & Line Protocol == "up",Ethernet51/1 - P2P_LINK_TO_MEDIA-SPINE-2_Ethernet17/1,PASS,
402,media-leaf-3,Interface State,Ethernet Interface & Line Protocol == "up",Ethernet52/1 - P2P_LINK_TO_MEDIA-SPINE-2_Ethernet18/1,PASS,
403,media-leaf-3,Interface State,Ethernet Interface & Line Protocol == "up",Ethernet1 - Newt-1 A,PASS,
404,media-leaf-3,Interface State,Ethernet Interface & Line Protocol == "up",Ethernet2 - Newt-1 B,FAIL,Interface shutdown: False - interface status: down - line protocol status: down
405,media-leaf-3,Interface State,Ethernet Interface & Line Protocol == "up",Ethernet3 - Newt-2 A,PASS,
406,media-leaf-3,Interface State,Ethernet Interface & Line Protocol == "up",Ethernet4 - Newt-2 B,PASS,
407,media-leaf-3,Interface State,Ethernet Interface & Line Protocol == "up",Ethernet11 - mcs senders/receivers,FAIL,Interface shutdown: False - interface status: down - line protocol status: notPresent
408,media-leaf-3,Interface State,Ethernet Interface & Line Protocol == "up",Ethernet12 - mcs senders/receivers,FAIL,Interface shutdown: False - interface status: down - line protocol status: notPresent
409,media-leaf-3,Interface State,Ethernet Interface & Line Protocol == "up",Ethernet13 - mcs senders/receivers,FAIL,Interface shutdown: False - interface status: down - line protocol status: notPresent
410,media-leaf-3,Interface State,Ethernet Interface & Line Protocol == "up",Ethernet14 - mcs senders/receivers,FAIL,Interface shutdown: False - interface status: down - line protocol status: notPresent
411,media-leaf-3,Interface State,Ethernet Interface & Line Protocol == "up",Ethernet15 - mcs senders/receivers,FAIL,Interface shutdown: False - interface status: down - line protocol status: notPresent
412,media-leaf-3,Interface State,Ethernet Interface & Line Protocol == "up",Ethernet16 - mcs senders/receivers,FAIL,Interface shutdown: False - interface status: down - line protocol status: notPresent
413,media-leaf-3,Interface State,Ethernet Interface & Line Protocol == "up",Ethernet17 - mcs senders/receivers,FAIL,Interface shutdown: False - interface status: down - line protocol status: notPresent
414,media-leaf-3,Interface State,Ethernet Interface & Line Protocol == "up",Ethernet18 - mcs senders/receivers,FAIL,Interface shutdown: False - interface status: down - line protocol status: notPresent
415,media-leaf-3,Interface State,Ethernet Interface & Line Protocol == "up",Ethernet19 - mcs senders/receivers,FAIL,Interface shutdown: False - interface status: down - line protocol status: notPresent
416,media-leaf-3,Interface State,Ethernet Interface & Line Protocol == "up",Ethernet20 - mcs senders/receivers,FAIL,Interface shutdown: False - interface status: down - line protocol status: notPresent
417,media-leaf-3,Interface State,Ethernet Interface & Line Protocol == "up",Ethernet21 - mcs senders/receivers,FAIL,Interface shutdown: False - interface status: down - line protocol status: notPresent
418,media-leaf-3,Interface State,Ethernet Interface & Line Protocol == "up",Ethernet22 - mcs senders/receivers,FAIL,Interface shutdown: False - interface status: down - line protocol status: notPresent
419,media-leaf-3,Interface State,Ethernet Interface & Line Protocol == "up",Ethernet23 - mcs senders/receivers,FAIL,Interface shutdown: False - interface status: down - line protocol status: notPresent
420,media-leaf-3,Interface State,Ethernet Interface & Line Protocol == "up",Ethernet24 - mcs senders/receivers,FAIL,Interface shutdown: False - interface status: down - line protocol status: notPresent
421,media-leaf-3,Interface State,Ethernet Interface & Line Protocol == "up",Ethernet25 - mcs senders/receivers,FAIL,Interface shutdown: False - interface status: down - line protocol status: notPresent
422,media-leaf-3,Interface State,Ethernet Interface & Line Protocol == "up",Ethernet26 - mcs senders/receivers,FAIL,Interface shutdown: False - interface status: down - line protocol status: notPresent
423,media-leaf-3,Interface State,Ethernet Interface & Line Protocol == "up",Ethernet27 - mcs senders/receivers,FAIL,Interface shutdown: False - interface status: down - line protocol status: notPresent
424,media-leaf-3,Interface State,Ethernet Interface & Line Protocol == "up",Ethernet28 - mcs senders/receivers,FAIL,Interface shutdown: False - interface status: down - line protocol status: notPresent
425,media-leaf-3,Interface State,Ethernet Interface & Line Protocol == "up",Ethernet29 - mcs senders/receivers,FAIL,Interface shutdown: False - interface status: down - line protocol status: notPresent
426,media-leaf-3,Interface State,Ethernet Interface & Line Protocol == "up",Ethernet30 - mcs senders/receivers,FAIL,Interface shutdown: False - interface status: down - line protocol status: notPresent
427,media-leaf-3,Interface State,Ethernet Interface & Line Protocol == "up",Ethernet31 - mcs senders/receivers,FAIL,Interface shutdown: False - interface status: down - line protocol status: notPresent
428,media-leaf-3,Interface State,Ethernet Interface & Line Protocol == "up",Ethernet32 - mcs senders/receivers,FAIL,Interface shutdown: False - interface status: down - line protocol status: notPresent
429,media-leaf-3,Interface State,Ethernet Interface & Line Protocol == "up",Ethernet33 - mcs senders/receivers,FAIL,Interface shutdown: False - interface status: down - line protocol status: notPresent
430,media-leaf-3,Interface State,Ethernet Interface & Line Protocol == "up",Ethernet34 - mcs senders/receivers,FAIL,Interface shutdown: False - interface status: down - line protocol status: notPresent
431,media-leaf-3,Interface State,Ethernet Interface & Line Protocol == "up",Ethernet35 - mcs senders/receivers,FAIL,Interface shutdown: False - interface status: down - line protocol status: notPresent
432,media-leaf-3,Interface State,Ethernet Interface & Line Protocol == "up",Ethernet36 - mcs senders/receivers,FAIL,Interface shutdown: False - interface status: down - line protocol status: notPresent
433,media-leaf-3,Interface State,Ethernet Interface & Line Protocol == "up",Ethernet37 - mcs senders/receivers,FAIL,Interface shutdown: False - interface status: down - line protocol status: notPresent
434,media-leaf-3,Interface State,Ethernet Interface & Line Protocol == "up",Ethernet38 - mcs senders/receivers,FAIL,Interface shutdown: False - interface status: down - line protocol status: notPresent
435,media-leaf-3,Interface State,Ethernet Interface & Line Protocol == "up",Ethernet39 - mcs senders/receivers,FAIL,Interface shutdown: False - interface status: down - line protocol status: notPresent
436,media-leaf-3,Interface State,Ethernet Interface & Line Protocol == "up",Ethernet40 - mcs senders/receivers,FAIL,Interface shutdown: False - interface status: down - line protocol status: notPresent
437,media-leaf-3,Interface State,Ethernet Interface & Line Protocol == "up",Ethernet41 - mcs senders/receivers,FAIL,Interface shutdown: False - interface status: down - line protocol status: notPresent
438,media-leaf-3,Interface State,Ethernet Interface & Line Protocol == "up",Ethernet42 - mcs senders/receivers,FAIL,Interface shutdown: False - interface status: down - line protocol status: notPresent
439,media-leaf-3,Interface State,Ethernet Interface & Line Protocol == "up",Ethernet43 - mcs senders/receivers,FAIL,Interface shutdown: False - interface status: down - line protocol status: notPresent
440,media-leaf-3,Interface State,Ethernet Interface & Line Protocol == "up",Ethernet44 - mcs senders/receivers,FAIL,Interface shutdown: False - interface status: down - line protocol status: notPresent
441,media-leaf-3,Interface State,Ethernet Interface & Line Protocol == "up",Ethernet45 - mcs senders/receivers,FAIL,Interface shutdown: False - interface status: down - line protocol status: notPresent
442,media-leaf-3,Interface State,Ethernet Interface & Line Protocol == "up",Ethernet46 - mcs senders/receivers,FAIL,Interface shutdown: False - interface status: down - line protocol status: notPresent
443,media-leaf-3,Interface State,Ethernet Interface & Line Protocol == "up",Ethernet47 - mcs senders/receivers,FAIL,Interface shutdown: False - interface status: down - line protocol status: notPresent
444,media-leaf-3,Interface State,Ethernet Interface & Line Protocol == "up",Ethernet48 - mcs senders/receivers,FAIL,Interface shutdown: False - interface status: down - line protocol status: notPresent
445,media-PTP-1,Interface State,Ethernet Interface & Line Protocol == "up",Ethernet51 - P2P_LINK_TO_MEDIA-SPINE-1_Ethernet27/1,PASS,
446,media-PTP-1,Interface State,Ethernet Interface & Line Protocol == "up",Ethernet52 - P2P_LINK_TO_MEDIA-SPINE-2_Ethernet27/1,PASS,
447,media-PTP-1,Interface State,Ethernet Interface & Line Protocol == "up",Ethernet1 - P2P_LINK_TO_media-PTP-2_Ethernet1,PASS,
448,media-PTP-1,Interface State,Ethernet Interface & Line Protocol == "up",Ethernet2 - P2P_LINK_TO_media-PTP-2_Ethernet2,PASS,
449,media-PTP-1,Interface State,Ethernet Interface & Line Protocol == "up",Ethernet11 - mcs senders/receivers,FAIL,Interface shutdown: False - interface status: down - line protocol status: down
450,media-PTP-1,Interface State,Ethernet Interface & Line Protocol == "up",Ethernet12 - mcs senders/receivers,FAIL,Interface shutdown: False - interface status: down - line protocol status: down
451,media-PTP-1,Interface State,Ethernet Interface & Line Protocol == "up",Ethernet13 - mcs senders/receivers,FAIL,Interface shutdown: False - interface status: down - line protocol status: down
452,media-PTP-1,Interface State,Ethernet Interface & Line Protocol == "up",Ethernet14 - mcs senders/receivers,FAIL,Interface shutdown: False - interface status: down - line protocol status: down
453,media-PTP-1,Interface State,Ethernet Interface & Line Protocol == "up",Ethernet15 - mcs senders/receivers,FAIL,Interface shutdown: False - interface status: down - line protocol status: down
454,media-PTP-1,Interface State,Ethernet Interface & Line Protocol == "up",Ethernet16 - mcs senders/receivers,FAIL,Interface shutdown: False - interface status: down - line protocol status: down
455,media-PTP-1,Interface State,Ethernet Interface & Line Protocol == "up",Ethernet17 - mcs senders/receivers,FAIL,Interface shutdown: False - interface status: down - line protocol status: down
456,media-PTP-1,Interface State,Ethernet Interface & Line Protocol == "up",Ethernet18 - mcs senders/receivers,FAIL,Interface shutdown: False - interface status: down - line protocol status: down
457,media-PTP-1,Interface State,Ethernet Interface & Line Protocol == "up",Ethernet19 - mcs senders/receivers,FAIL,Interface shutdown: False - interface status: down - line protocol status: down
458,media-PTP-1,Interface State,Ethernet Interface & Line Protocol == "up",Ethernet20 - mcs senders/receivers,FAIL,Interface shutdown: False - interface status: down - line protocol status: down
459,media-PTP-1,Interface State,Ethernet Interface & Line Protocol == "up",Ethernet48 - Meinberg Interface(cu-cu),FAIL,Interface shutdown: False - interface status: down - line protocol status: down
460,media-PTP-1,Interface State,Ethernet Interface & Line Protocol == "up",Ethernet53 - (Unused) Meinberg SFP-1G-T,FAIL,Interface shutdown: False - interface status: down - line protocol status: notPresent
461,media-PTP-1,Interface State,Ethernet Interface & Line Protocol == "up",Ethernet54 - Meinberg 1G Optical,PASS,
462,media-PTP-2,Interface State,Ethernet Interface & Line Protocol == "up",Ethernet51 - P2P_LINK_TO_MEDIA-SPINE-1_Ethernet28/1,PASS,
463,media-PTP-2,Interface State,Ethernet Interface & Line Protocol == "up",Ethernet52 - P2P_LINK_TO_MEDIA-SPINE-2_Ethernet28/1,PASS,
464,media-PTP-2,Interface State,Ethernet Interface & Line Protocol == "up",Ethernet1 - P2P_LINK_TO_media-PTP-1_Ethernet1,PASS,
465,media-PTP-2,Interface State,Ethernet Interface & Line Protocol == "up",Ethernet2 - P2P_LINK_TO_media-PTP-1_Ethernet2,PASS,
466,media-PTP-2,Interface State,Ethernet Interface & Line Protocol == "up",Ethernet11 - mcs senders/receivers,FAIL,Interface shutdown: False - interface status: down - line protocol status: down
467,media-PTP-2,Interface State,Ethernet Interface & Line Protocol == "up",Ethernet12 - mcs senders/receivers,FAIL,Interface shutdown: False - interface status: down - line protocol status: down
468,media-PTP-2,Interface State,Ethernet Interface & Line Protocol == "up",Ethernet13 - mcs senders/receivers,FAIL,Interface shutdown: False - interface status: down - line protocol status: down
469,media-PTP-2,Interface State,Ethernet Interface & Line Protocol == "up",Ethernet14 - mcs senders/receivers,FAIL,Interface shutdown: False - interface status: down - line protocol status: down
470,media-PTP-2,Interface State,Ethernet Interface & Line Protocol == "up",Ethernet15 - mcs senders/receivers,FAIL,Interface shutdown: False - interface status: down - line protocol status: down
471,media-PTP-2,Interface State,Ethernet Interface & Line Protocol == "up",Ethernet16 - mcs senders/receivers,FAIL,Interface shutdown: False - interface status: down - line protocol status: down
472,media-PTP-2,Interface State,Ethernet Interface & Line Protocol == "up",Ethernet17 - mcs senders/receivers,FAIL,Interface shutdown: False - interface status: down - line protocol status: down
473,media-PTP-2,Interface State,Ethernet Interface & Line Protocol == "up",Ethernet18 - mcs senders/receivers,FAIL,Interface shutdown: False - interface status: down - line protocol status: down
474,media-PTP-2,Interface State,Ethernet Interface & Line Protocol == "up",Ethernet19 - mcs senders/receivers,FAIL,Interface shutdown: False - interface status: down - line protocol status: down
475,media-PTP-2,Interface State,Ethernet Interface & Line Protocol == "up",Ethernet20 - mcs senders/receivers,FAIL,Interface shutdown: False - interface status: down - line protocol status: down
476,media-PTP-2,Interface State,Ethernet Interface & Line Protocol == "up",Ethernet45 - Evertz 5700MSC-IP Eth2,FAIL,Interface shutdown: False - interface status: down - line protocol status: down
477,media-PTP-2,Interface State,Ethernet Interface & Line Protocol == "up",Ethernet48 - Meinberg Interface(cu-cu),FAIL,Interface shutdown: False - interface status: down - line protocol status: down
478,media-PTP-2,Interface State,Ethernet Interface & Line Protocol == "up",Ethernet53 - Meinberg SFP-1G-T,FAIL,Interface shutdown: False - interface status: down - line protocol status: notPresent
479,media-PTP-2,Interface State,Ethernet Interface & Line Protocol == "up",Ethernet54 - Meinberg 1G Optical,PASS,
480,media-spine-1,Interface State,Ethernet Interface & Line Protocol == "up",Ethernet1/1 - P2P_LINK_TO_MEDIA-LEAF-1_Ethernet49/1,PASS,
481,media-spine-1,Interface State,Ethernet Interface & Line Protocol == "up",Ethernet2/1 - P2P_LINK_TO_MEDIA-LEAF-1_Ethernet50/1,PASS,
482,media-spine-1,Interface State,Ethernet Interface & Line Protocol == "up",Ethernet3/1 - P2P_LINK_TO_MEDIA-LEAF-2_Ethernet49/1,PASS,
483,media-spine-1,Interface State,Ethernet Interface & Line Protocol == "up",Ethernet4/1 - P2P_LINK_TO_MEDIA-LEAF-2_Ethernet50/1,PASS,
484,media-spine-1,Interface State,Ethernet Interface & Line Protocol == "up",Ethernet17/1 - P2P_LINK_TO_MEDIA-LEAF-3_Ethernet49/1,PASS,
485,media-spine-1,Interface State,Ethernet Interface & Line Protocol == "up",Ethernet18/1 - P2P_LINK_TO_MEDIA-LEAF-3_Ethernet50/1,PASS,
486,media-spine-1,Interface State,Ethernet Interface & Line Protocol == "up",Ethernet25/1 - P2P_LINK_TO_CAMPUS-LEAF-4_Ethernet53/1,PASS,
487,media-spine-1,Interface State,Ethernet Interface & Line Protocol == "up",Ethernet27/1 - P2P_LINK_TO_MEDIA-PTP-1_Ethernet51,PASS,
488,media-spine-1,Interface State,Ethernet Interface & Line Protocol == "up",Ethernet28/1 - P2P_LINK_TO_MEDIA-PTP-2_Ethernet51,PASS,
489,media-spine-1,Interface State,Ethernet Interface & Line Protocol == "up",Ethernet5/1 - mcs senders/receivers,PASS,
490,media-spine-1,Interface State,Ethernet Interface & Line Protocol == "up",Ethernet6/1 - mcs senders/receivers,FAIL,Interface shutdown: False - interface status: down - line protocol status: notPresent
491,media-spine-1,Interface State,Ethernet Interface & Line Protocol == "up",Ethernet7/1 - mcs senders/receivers,PASS,
492,media-spine-1,Interface State,Ethernet Interface & Line Protocol == "up",Ethernet8/1 - mcs senders/receivers,FAIL,Interface shutdown: False - interface status: down - line protocol status: notPresent
493,media-spine-1,Interface State,Ethernet Interface & Line Protocol == "up",Ethernet9/1 - mcs senders/receivers,FAIL,Interface shutdown: False - interface status: down - line protocol status: notPresent
494,media-spine-1,Interface State,Ethernet Interface & Line Protocol == "up",Ethernet10/1 - mcs senders/receivers,FAIL,Interface shutdown: False - interface status: down - line protocol status: notPresent
495,media-spine-1,Interface State,Ethernet Interface & Line Protocol == "up",Ethernet11/1 - mcs senders/receivers,FAIL,Interface shutdown: False - interface status: down - line protocol status: notPresent
496,media-spine-1,Interface State,Ethernet Interface & Line Protocol == "up",Ethernet12/1 - mcs senders/receivers,FAIL,Interface shutdown: False - interface status: down - line protocol status: notPresent
497,media-spine-1,Interface State,Ethernet Interface & Line Protocol == "up",Ethernet13/1 - C100-2 P1,PASS,
498,media-spine-1,Interface State,Ethernet Interface & Line Protocol == "up",Ethernet14/1 - mcs senders/receivers,FAIL,Interface shutdown: False - interface status: down - line protocol status: notPresent
499,media-spine-1,Interface State,Ethernet Interface & Line Protocol == "up",Ethernet15/1 - Telestream iQ Inspect - Eth2,PASS,
500,media-spine-1,Interface State,Ethernet Interface & Line Protocol == "up",Ethernet16/1 - smartSCOPE-AristaMaELAB,mcs sender/receiver,PASS,
501,media-spine-1,Interface State,Ethernet Interface & Line Protocol == "up",Ethernet19/1 - mcs senders/receivers,FAIL,Interface shutdown: False - interface status: down - line protocol status: notPresent
502,media-spine-1,Interface State,Ethernet Interface & Line Protocol == "up",Ethernet20/1 - mcs senders/receivers,FAIL,Interface shutdown: False - interface status: down - line protocol status: notPresent
503,media-spine-1,Interface State,Ethernet Interface & Line Protocol == "up",Ethernet21/1 - mcs senders/receivers,FAIL,Interface shutdown: False - interface status: down - line protocol status: notPresent
504,media-spine-1,Interface State,Ethernet Interface & Line Protocol == "up",Ethernet22/1 - mcs senders/receivers,FAIL,Interface shutdown: False - interface status: down - line protocol status: notPresent
505,media-spine-1,Interface State,Ethernet Interface & Line Protocol == "up",Ethernet23/1 - mcs senders/receivers,FAIL,Interface shutdown: False - interface status: down - line protocol status: notPresent
506,media-spine-1,Interface State,Ethernet Interface & Line Protocol == "up",Ethernet24/1 - mcs senders/receivers,FAIL,Interface shutdown: False - interface status: down - line protocol status: notPresent
507,media-spine-1,Interface State,Ethernet Interface & Line Protocol == "up",Ethernet26/1 - mcs senders/receivers,FAIL,Interface shutdown: False - interface status: down - line protocol status: notPresent
508,media-spine-1,Interface State,Ethernet Interface & Line Protocol == "up",Ethernet27/2 - mcs senders/receivers,FAIL,Interface shutdown: False - interface status: down - line protocol status: notPresent
509,media-spine-1,Interface State,Ethernet Interface & Line Protocol == "up",Ethernet27/3 - mcs senders/receivers,FAIL,Interface shutdown: False - interface status: down - line protocol status: notPresent
510,media-spine-1,Interface State,Ethernet Interface & Line Protocol == "up",Ethernet27/4 - mcs senders/receivers,FAIL,Interface shutdown: False - interface status: down - line protocol status: notPresent
511,media-spine-1,Interface State,Ethernet Interface & Line Protocol == "up",Ethernet28/2 - mcs senders/receivers,FAIL,Interface shutdown: False - interface status: down - line protocol status: notPresent
512,media-spine-1,Interface State,Ethernet Interface & Line Protocol == "up",Ethernet28/3 - mcs senders/receivers,FAIL,Interface shutdown: False - interface status: down - line protocol status: notPresent
513,media-spine-1,Interface State,Ethernet Interface & Line Protocol == "up",Ethernet28/4 - mcs senders/receivers,FAIL,Interface shutdown: False - interface status: down - line protocol status: notPresent
514,media-spine-2,Interface State,Ethernet Interface & Line Protocol == "up",Ethernet1/1 - P2P_LINK_TO_MEDIA-LEAF-1_Ethernet51/1,PASS,
515,media-spine-2,Interface State,Ethernet Interface & Line Protocol == "up",Ethernet2/1 - P2P_LINK_TO_MEDIA-LEAF-1_Ethernet52/1,PASS,
516,media-spine-2,Interface State,Ethernet Interface & Line Protocol == "up",Ethernet3/1 - P2P_LINK_TO_MEDIA-LEAF-2_Ethernet51/1,PASS,
517,media-spine-2,Interface State,Ethernet Interface & Line Protocol == "up",Ethernet4/1 - P2P_LINK_TO_MEDIA-LEAF-2_Ethernet52/1,PASS,
518,media-spine-2,Interface State,Ethernet Interface & Line Protocol == "up",Ethernet17/1 - P2P_LINK_TO_MEDIA-LEAF-3_Ethernet51/1,PASS,
519,media-spine-2,Interface State,Ethernet Interface & Line Protocol == "up",Ethernet18/1 - P2P_LINK_TO_MEDIA-LEAF-3_Ethernet52/1,PASS,
520,media-spine-2,Interface State,Ethernet Interface & Line Protocol == "up",Ethernet25/1 - P2P_LINK_TO_CAMPUS-LEAF-4_Ethernet54/1,PASS,
521,media-spine-2,Interface State,Ethernet Interface & Line Protocol == "up",Ethernet27/1 - P2P_LINK_TO_MEDIA-PTP-1_Ethernet52,PASS,
522,media-spine-2,Interface State,Ethernet Interface & Line Protocol == "up",Ethernet28/1 - P2P_LINK_TO_MEDIA-PTP-2_Ethernet52,PASS,
523,media-spine-2,Interface State,Ethernet Interface & Line Protocol == "up",Ethernet5/1 - Loopback to this Spine Eth 6/1,PASS,
524,media-spine-2,Interface State,Ethernet Interface & Line Protocol == "up",Ethernet6/1 - Loopback to this Spine Eth 5/1,PASS,
525,media-spine-2,Interface State,Ethernet Interface & Line Protocol == "up",Ethernet8/1 - mcs senders/receivers,FAIL,Interface shutdown: False - interface status: down - line protocol status: notPresent
526,media-spine-2,Interface State,Ethernet Interface & Line Protocol == "up",Ethernet9/1 - mcs senders/receivers,FAIL,Interface shutdown: False - interface status: down - line protocol status: notPresent
527,media-spine-2,Interface State,Ethernet Interface & Line Protocol == "up",Ethernet10/1 - mcs senders/receivers,FAIL,Interface shutdown: False - interface status: down - line protocol status: notPresent
528,media-spine-2,Interface State,Ethernet Interface & Line Protocol == "up",Ethernet11/1 - mcs senders/receivers,FAIL,Interface shutdown: False - interface status: down - line protocol status: notPresent
529,media-spine-2,Interface State,Ethernet Interface & Line Protocol == "up",Ethernet12/1 - mcs senders/receivers,FAIL,Interface shutdown: False - interface status: down - line protocol status: notPresent
530,media-spine-2,Interface State,Ethernet Interface & Line Protocol == "up",Ethernet13/1 - C100-2 P2,PASS,
531,media-spine-2,Interface State,Ethernet Interface & Line Protocol == "up",Ethernet15/1 - Telestream iQ Inspect - Eth3,PASS,
532,media-spine-2,Interface State,Ethernet Interface & Line Protocol == "up",Ethernet16/1 - smartSCOPE-Arista M&E LAB,PASS,
533,media-spine-2,Interface State,Ethernet Interface & Line Protocol == "up",Ethernet19/1 - mcs senders/receivers,FAIL,Interface shutdown: False - interface status: down - line protocol status: notPresent
534,media-spine-2,Interface State,Ethernet Interface & Line Protocol == "up",Ethernet20/1 - mcs senders/receivers,FAIL,Interface shutdown: False - interface status: down - line protocol status: notPresent
535,media-spine-2,Interface State,Ethernet Interface & Line Protocol == "up",Ethernet21/1 - mcs senders/receivers,FAIL,Interface shutdown: False - interface status: down - line protocol status: notPresent
536,media-spine-2,Interface State,Ethernet Interface & Line Protocol == "up",Ethernet22/1 - mcs senders/receivers,FAIL,Interface shutdown: False - interface status: down - line protocol status: notPresent
537,media-spine-2,Interface State,Ethernet Interface & Line Protocol == "up",Ethernet23/1 - mcs senders/receivers,FAIL,Interface shutdown: False - interface status: down - line protocol status: notPresent
538,media-spine-2,Interface State,Ethernet Interface & Line Protocol == "up",Ethernet24/1 - mcs senders/receivers,FAIL,Interface shutdown: False - interface status: down - line protocol status: notPresent
539,media-spine-2,Interface State,Ethernet Interface & Line Protocol == "up",Ethernet31/1 - mcs senders/receivers,FAIL,Interface shutdown: False - interface status: down - line protocol status: notPresent
540,media-spine-2,Interface State,Ethernet Interface & Line Protocol == "up",Ethernet32/1 - mcs senders/receivers,FAIL,Interface shutdown: False - interface status: down - line protocol status: notPresent
541,media-spine-2,Interface State,Ethernet Interface & Line Protocol == "up",Ethernet33 - mcs senders/receivers,FAIL,Interface shutdown: False - interface status: down - line protocol status: notPresent
542,media-spine-2,Interface State,Ethernet Interface & Line Protocol == "up",Ethernet34 - mcs senders/receivers,FAIL,Interface shutdown: False - interface status: down - line protocol status: notPresent
543,campus-leaf-4,Interface State,Loopback Interface Status & Line Protocol == "up",Loopback0 - Router_ID,PASS,
544,media-leaf-1,Interface State,Loopback Interface Status & Line Protocol == "up",Loopback0 - Router_ID,PASS,
545,media-leaf-2,Interface State,Loopback Interface Status & Line Protocol == "up",Loopback0 - Router_ID,PASS,
546,media-leaf-3,Interface State,Loopback Interface Status & Line Protocol == "up",Loopback0 - Router_ID,PASS,
547,media-PTP-1,Interface State,Loopback Interface Status & Line Protocol == "up",Loopback0 - Router_ID,PASS,
548,media-PTP-2,Interface State,Loopback Interface Status & Line Protocol == "up",Loopback0 - Router_ID,PASS,
549,media-spine-1,Interface State,Loopback Interface Status & Line Protocol == "up",Loopback0 - Router_ID,PASS,
550,media-spine-1,Interface State,Loopback Interface Status & Line Protocol == "up",Loopback1 - Anycast RP,PASS,
551,media-spine-2,Interface State,Loopback Interface Status & Line Protocol == "up",Loopback0 - Router_ID,PASS,
552,media-spine-2,Interface State,Loopback Interface Status & Line Protocol == "up",Loopback1 - Anycast RP,PASS,
553,campus-leaf-4,LLDP Topology,LLDP topology - validate peer and interface,local: Ethernet53/1 - remote: media-spine-1_Ethernet25/1,PASS,
554,campus-leaf-4,LLDP Topology,LLDP topology - validate peer and interface,local: Ethernet54/1 - remote: media-spine-2_Ethernet25/1,PASS,
555,media-leaf-1,LLDP Topology,LLDP topology - validate peer and interface,local: Ethernet49/1 - remote: media-spine-1_Ethernet1/1,PASS,
556,media-leaf-1,LLDP Topology,LLDP topology - validate peer and interface,local: Ethernet50/1 - remote: media-spine-1_Ethernet2/1,PASS,
557,media-leaf-1,LLDP Topology,LLDP topology - validate peer and interface,local: Ethernet51/1 - remote: media-spine-2_Ethernet1/1,PASS,
558,media-leaf-1,LLDP Topology,LLDP topology - validate peer and interface,local: Ethernet52/1 - remote: media-spine-2_Ethernet2/1,PASS,
559,media-leaf-2,LLDP Topology,LLDP topology - validate peer and interface,local: Ethernet49/1 - remote: media-spine-1_Ethernet3/1,PASS,
560,media-leaf-2,LLDP Topology,LLDP topology - validate peer and interface,local: Ethernet50/1 - remote: media-spine-1_Ethernet4/1,PASS,
561,media-leaf-2,LLDP Topology,LLDP topology - validate peer and interface,local: Ethernet51/1 - remote: media-spine-2_Ethernet3/1,PASS,
562,media-leaf-2,LLDP Topology,LLDP topology - validate peer and interface,local: Ethernet52/1 - remote: media-spine-2_Ethernet4/1,PASS,
563,media-leaf-3,LLDP Topology,LLDP topology - validate peer and interface,local: Ethernet49/1 - remote: media-spine-1_Ethernet17/1,PASS,
564,media-leaf-3,LLDP Topology,LLDP topology - validate peer and interface,local: Ethernet50/1 - remote: media-spine-1_Ethernet18/1,PASS,
565,media-leaf-3,LLDP Topology,LLDP topology - validate peer and interface,local: Ethernet51/1 - remote: media-spine-2_Ethernet17/1,PASS,
566,media-leaf-3,LLDP Topology,LLDP topology - validate peer and interface,local: Ethernet52/1 - remote: media-spine-2_Ethernet18/1,PASS,
567,media-PTP-1,LLDP Topology,LLDP topology - validate peer and interface,local: Ethernet51 - remote: media-spine-1_Ethernet27/1,PASS,
568,media-PTP-1,LLDP Topology,LLDP topology - validate peer and interface,local: Ethernet52 - remote: media-spine-2_Ethernet27/1,PASS,
569,media-PTP-1,LLDP Topology,LLDP topology - validate peer and interface,local: Ethernet1 - remote: media-PTP-2_Ethernet1,PASS,
570,media-PTP-1,LLDP Topology,LLDP topology - validate peer and interface,local: Ethernet2 - remote: media-PTP-2_Ethernet2,PASS,
571,media-PTP-2,LLDP Topology,LLDP topology - validate peer and interface,local: Ethernet51 - remote: media-spine-1_Ethernet28/1,PASS,
572,media-PTP-2,LLDP Topology,LLDP topology - validate peer and interface,local: Ethernet52 - remote: media-spine-2_Ethernet28/1,PASS,
573,media-PTP-2,LLDP Topology,LLDP topology - validate peer and interface,local: Ethernet1 - remote: media-PTP-1_Ethernet1,PASS,
574,media-PTP-2,LLDP Topology,LLDP topology - validate peer and interface,local: Ethernet2 - remote: media-PTP-1_Ethernet2,PASS,
575,media-spine-1,LLDP Topology,LLDP topology - validate peer and interface,local: Ethernet1/1 - remote: media-leaf-1_Ethernet49/1,PASS,
576,media-spine-1,LLDP Topology,LLDP topology - validate peer and interface,local: Ethernet2/1 - remote: media-leaf-1_Ethernet50/1,PASS,
577,media-spine-1,LLDP Topology,LLDP topology - validate peer and interface,local: Ethernet3/1 - remote: media-leaf-2_Ethernet49/1,PASS,
578,media-spine-1,LLDP Topology,LLDP topology - validate peer and interface,local: Ethernet4/1 - remote: media-leaf-2_Ethernet50/1,PASS,
579,media-spine-1,LLDP Topology,LLDP topology - validate peer and interface,local: Ethernet17/1 - remote: media-leaf-3_Ethernet49/1,PASS,
580,media-spine-1,LLDP Topology,LLDP topology - validate peer and interface,local: Ethernet18/1 - remote: media-leaf-3_Ethernet50/1,PASS,
581,media-spine-1,LLDP Topology,LLDP topology - validate peer and interface,local: Ethernet25/1 - remote: campus-leaf-4_Ethernet53/1,PASS,
582,media-spine-1,LLDP Topology,LLDP topology - validate peer and interface,local: Ethernet27/1 - remote: media-PTP-1_Ethernet51,PASS,
583,media-spine-1,LLDP Topology,LLDP topology - validate peer and interface,local: Ethernet28/1 - remote: media-PTP-2_Ethernet51,PASS,
584,media-spine-2,LLDP Topology,LLDP topology - validate peer and interface,local: Ethernet1/1 - remote: media-leaf-1_Ethernet51/1,PASS,
585,media-spine-2,LLDP Topology,LLDP topology - validate peer and interface,local: Ethernet2/1 - remote: media-leaf-1_Ethernet52/1,PASS,
586,media-spine-2,LLDP Topology,LLDP topology - validate peer and interface,local: Ethernet3/1 - remote: media-leaf-2_Ethernet51/1,PASS,
587,media-spine-2,LLDP Topology,LLDP topology - validate peer and interface,local: Ethernet4/1 - remote: media-leaf-2_Ethernet52/1,PASS,
588,media-spine-2,LLDP Topology,LLDP topology - validate peer and interface,local: Ethernet17/1 - remote: media-leaf-3_Ethernet51/1,PASS,
589,media-spine-2,LLDP Topology,LLDP topology - validate peer and interface,local: Ethernet18/1 - remote: media-leaf-3_Ethernet52/1,PASS,
590,media-spine-2,LLDP Topology,LLDP topology - validate peer and interface,local: Ethernet25/1 - remote: campus-leaf-4_Ethernet54/1,PASS,
591,media-spine-2,LLDP Topology,LLDP topology - validate peer and interface,local: Ethernet27/1 - remote: media-PTP-1_Ethernet52,PASS,
592,media-spine-2,LLDP Topology,LLDP topology - validate peer and interface,local: Ethernet28/1 - remote: media-PTP-2_Ethernet52,PASS,
593,campus-leaf-4,IP Reachability,ip reachability test p2p links,Source: campus-leaf-4_Ethernet53/1 - Destination: media-spine-1_Ethernet25/1,PASS,
594,campus-leaf-4,IP Reachability,ip reachability test p2p links,Source: campus-leaf-4_Ethernet54/1 - Destination: media-spine-2_Ethernet25/1,PASS,
595,media-leaf-1,IP Reachability,ip reachability test p2p links,Source: media-leaf-1_Ethernet49/1 - Destination: media-spine-1_Ethernet1/1,PASS,
596,media-leaf-1,IP Reachability,ip reachability test p2p links,Source: media-leaf-1_Ethernet50/1 - Destination: media-spine-1_Ethernet2/1,PASS,
597,media-leaf-1,IP Reachability,ip reachability test p2p links,Source: media-leaf-1_Ethernet51/1 - Destination: media-spine-2_Ethernet1/1,PASS,
598,media-leaf-1,IP Reachability,ip reachability test p2p links,Source: media-leaf-1_Ethernet52/1 - Destination: media-spine-2_Ethernet2/1,PASS,
599,media-leaf-2,IP Reachability,ip reachability test p2p links,Source: media-leaf-2_Ethernet49/1 - Destination: media-spine-1_Ethernet3/1,PASS,
600,media-leaf-2,IP Reachability,ip reachability test p2p links,Source: media-leaf-2_Ethernet50/1 - Destination: media-spine-1_Ethernet4/1,PASS,
601,media-leaf-2,IP Reachability,ip reachability test p2p links,Source: media-leaf-2_Ethernet51/1 - Destination: media-spine-2_Ethernet3/1,PASS,
602,media-leaf-2,IP Reachability,ip reachability test p2p links,Source: media-leaf-2_Ethernet52/1 - Destination: media-spine-2_Ethernet4/1,PASS,
603,media-leaf-3,IP Reachability,ip reachability test p2p links,Source: media-leaf-3_Ethernet49/1 - Destination: media-spine-1_Ethernet17/1,PASS,
604,media-leaf-3,IP Reachability,ip reachability test p2p links,Source: media-leaf-3_Ethernet50/1 - Destination: media-spine-1_Ethernet18/1,PASS,
605,media-leaf-3,IP Reachability,ip reachability test p2p links,Source: media-leaf-3_Ethernet51/1 - Destination: media-spine-2_Ethernet17/1,PASS,
606,media-leaf-3,IP Reachability,ip reachability test p2p links,Source: media-leaf-3_Ethernet52/1 - Destination: media-spine-2_Ethernet18/1,PASS,
607,media-PTP-1,IP Reachability,ip reachability test p2p links,Source: media-PTP-1_Ethernet51 - Destination: media-spine-1_Ethernet27/1,PASS,
608,media-PTP-1,IP Reachability,ip reachability test p2p links,Source: media-PTP-1_Ethernet52 - Destination: media-spine-2_Ethernet27/1,PASS,
609,media-PTP-2,IP Reachability,ip reachability test p2p links,Source: media-PTP-2_Ethernet51 - Destination: media-spine-1_Ethernet28/1,PASS,
610,media-PTP-2,IP Reachability,ip reachability test p2p links,Source: media-PTP-2_Ethernet52 - Destination: media-spine-2_Ethernet28/1,PASS,
611,media-spine-1,IP Reachability,ip reachability test p2p links,Source: media-spine-1_Ethernet1/1 - Destination: media-leaf-1_Ethernet49/1,PASS,
612,media-spine-1,IP Reachability,ip reachability test p2p links,Source: media-spine-1_Ethernet2/1 - Destination: media-leaf-1_Ethernet50/1,PASS,
613,media-spine-1,IP Reachability,ip reachability test p2p links,Source: media-spine-1_Ethernet3/1 - Destination: media-leaf-2_Ethernet49/1,PASS,
614,media-spine-1,IP Reachability,ip reachability test p2p links,Source: media-spine-1_Ethernet4/1 - Destination: media-leaf-2_Ethernet50/1,PASS,
615,media-spine-1,IP Reachability,ip reachability test p2p links,Source: media-spine-1_Ethernet17/1 - Destination: media-leaf-3_Ethernet49/1,PASS,
616,media-spine-1,IP Reachability,ip reachability test p2p links,Source: media-spine-1_Ethernet18/1 - Destination: media-leaf-3_Ethernet50/1,PASS,
617,media-spine-1,IP Reachability,ip reachability test p2p links,Source: media-spine-1_Ethernet25/1 - Destination: campus-leaf-4_Ethernet53/1,PASS,
618,media-spine-1,IP Reachability,ip reachability test p2p links,Source: media-spine-1_Ethernet27/1 - Destination: media-PTP-1_Ethernet51,PASS,
619,media-spine-1,IP Reachability,ip reachability test p2p links,Source: media-spine-1_Ethernet28/1 - Destination: media-PTP-2_Ethernet51,PASS,
620,media-spine-2,IP Reachability,ip reachability test p2p links,Source: media-spine-2_Ethernet1/1 - Destination: media-leaf-1_Ethernet51/1,PASS,
621,media-spine-2,IP Reachability,ip reachability test p2p links,Source: media-spine-2_Ethernet2/1 - Destination: media-leaf-1_Ethernet52/1,PASS,
622,media-spine-2,IP Reachability,ip reachability test p2p links,Source: media-spine-2_Ethernet3/1 - Destination: media-leaf-2_Ethernet51/1,PASS,
623,media-spine-2,IP Reachability,ip reachability test p2p links,Source: media-spine-2_Ethernet4/1 - Destination: media-leaf-2_Ethernet52/1,PASS,
624,media-spine-2,IP Reachability,ip reachability test p2p links,Source: media-spine-2_Ethernet17/1 - Destination: media-leaf-3_Ethernet51/1,PASS,
625,media-spine-2,IP Reachability,ip reachability test p2p links,Source: media-spine-2_Ethernet18/1 - Destination: media-leaf-3_Ethernet52/1,PASS,
626,media-spine-2,IP Reachability,ip reachability test p2p links,Source: media-spine-2_Ethernet25/1 - Destination: campus-leaf-4_Ethernet54/1,PASS,
627,media-spine-2,IP Reachability,ip reachability test p2p links,Source: media-spine-2_Ethernet27/1 - Destination: media-PTP-1_Ethernet52,PASS,
628,media-spine-2,IP Reachability,ip reachability test p2p links,Source: media-spine-2_Ethernet28/1 - Destination: media-PTP-2_Ethernet52,PASS,
629,campus-leaf-4,BGP,ArBGP is configured and operating,ArBGP,PASS,
630,media-leaf-1,BGP,ArBGP is configured and operating,ArBGP,PASS,
631,media-leaf-2,BGP,ArBGP is configured and operating,ArBGP,PASS,
632,media-leaf-3,BGP,ArBGP is configured and operating,ArBGP,PASS,
633,media-PTP-1,BGP,ArBGP is configured and operating,ArBGP,PASS,
634,media-PTP-2,BGP,ArBGP is configured and operating,ArBGP,PASS,
635,media-spine-1,BGP,ArBGP is configured and operating,ArBGP,PASS,
636,media-spine-2,BGP,ArBGP is configured and operating,ArBGP,PASS,
637,campus-leaf-4,BGP,ip bgp peer state established (ipv4),bgp_neighbor: 192.168.102.160,PASS,
638,campus-leaf-4,BGP,ip bgp peer state established (ipv4),bgp_neighbor: 192.168.102.162,PASS,
639,media-leaf-1,BGP,ip bgp peer state established (ipv4),bgp_neighbor: 192.168.102.64,PASS,
640,media-leaf-1,BGP,ip bgp peer state established (ipv4),bgp_neighbor: 192.168.102.68,PASS,
641,media-leaf-1,BGP,ip bgp peer state established (ipv4),bgp_neighbor: 192.168.102.66,PASS,
642,media-leaf-1,BGP,ip bgp peer state established (ipv4),bgp_neighbor: 192.168.102.70,PASS,
643,media-leaf-2,BGP,ip bgp peer state established (ipv4),bgp_neighbor: 192.168.102.96,PASS,
644,media-leaf-2,BGP,ip bgp peer state established (ipv4),bgp_neighbor: 192.168.102.100,PASS,
645,media-leaf-2,BGP,ip bgp peer state established (ipv4),bgp_neighbor: 192.168.102.98,PASS,
646,media-leaf-2,BGP,ip bgp peer state established (ipv4),bgp_neighbor: 192.168.102.102,PASS,
647,media-leaf-3,BGP,ip bgp peer state established (ipv4),bgp_neighbor: 192.168.102.128,PASS,
648,media-leaf-3,BGP,ip bgp peer state established (ipv4),bgp_neighbor: 192.168.102.132,PASS,
649,media-leaf-3,BGP,ip bgp peer state established (ipv4),bgp_neighbor: 192.168.102.130,PASS,
650,media-leaf-3,BGP,ip bgp peer state established (ipv4),bgp_neighbor: 192.168.102.134,PASS,
651,media-PTP-1,BGP,ip bgp peer state established (ipv4),bgp_neighbor: 192.168.100.0,PASS,
652,media-PTP-1,BGP,ip bgp peer state established (ipv4),bgp_neighbor: 192.168.100.2,PASS,
653,media-PTP-2,BGP,ip bgp peer state established (ipv4),bgp_neighbor: 192.168.100.64,PASS,
654,media-PTP-2,BGP,ip bgp peer state established (ipv4),bgp_neighbor: 192.168.100.66,PASS,
655,media-spine-1,BGP,ip bgp peer state established (ipv4),bgp_neighbor: 192.168.102.65,PASS,
656,media-spine-1,BGP,ip bgp peer state established (ipv4),bgp_neighbor: 192.168.102.69,PASS,
657,media-spine-1,BGP,ip bgp peer state established (ipv4),bgp_neighbor: 192.168.102.97,PASS,
658,media-spine-1,BGP,ip bgp peer state established (ipv4),bgp_neighbor: 192.168.102.101,PASS,
659,media-spine-1,BGP,ip bgp peer state established (ipv4),bgp_neighbor: 192.168.102.129,PASS,
660,media-spine-1,BGP,ip bgp peer state established (ipv4),bgp_neighbor: 192.168.102.133,PASS,
661,media-spine-1,BGP,ip bgp peer state established (ipv4),bgp_neighbor: 192.168.102.161,PASS,
662,media-spine-1,BGP,ip bgp peer state established (ipv4),bgp_neighbor: 192.168.100.1,PASS,
663,media-spine-1,BGP,ip bgp peer state established (ipv4),bgp_neighbor: 192.168.100.65,PASS,
664,media-spine-2,BGP,ip bgp peer state established (ipv4),bgp_neighbor: 192.168.102.67,PASS,
665,media-spine-2,BGP,ip bgp peer state established (ipv4),bgp_neighbor: 192.168.102.71,PASS,
666,media-spine-2,BGP,ip bgp peer state established (ipv4),bgp_neighbor: 192.168.102.99,PASS,
667,media-spine-2,BGP,ip bgp peer state established (ipv4),bgp_neighbor: 192.168.102.103,PASS,
668,media-spine-2,BGP,ip bgp peer state established (ipv4),bgp_neighbor: 192.168.102.131,PASS,
669,media-spine-2,BGP,ip bgp peer state established (ipv4),bgp_neighbor: 192.168.102.135,PASS,
670,media-spine-2,BGP,ip bgp peer state established (ipv4),bgp_neighbor: 192.168.102.163,PASS,
671,media-spine-2,BGP,ip bgp peer state established (ipv4),bgp_neighbor: 192.168.100.3,PASS,
672,media-spine-2,BGP,ip bgp peer state established (ipv4),bgp_neighbor: 192.168.100.67,PASS,
